Job Title,Skills,Experience (Years),Education
AI Researcher,"GANs, PyTorch, Mathematical Modeling, Reinforcement Learning, Python",4,Bachelor's in Computer Science from MIT
Data Scientist,"Pandas, TensorFlow, Python",3,Bachelor's in Computer Science from Oxford
Data Analyst,"Excel, Power BI, Tableau, SQL",1,Bachelor's in Computer Science from IIT Delhi
Data Analyst,"Power BI, Excel, Tableau, SQL",3,Bachelor's in Computer Science from Oxford
AI Researcher,"Python, Mathematical Modeling, GANs",6,Bachelor's in Computer Science from Harvard
Machine Learning Engineer,"PyTorch, Computer Vision, Scikit-Learn, NLP",6,Bachelor's in Computer Science from Oxford
Software Engineer,"Java, Git, C++, OOP",7,Bachelor's in Computer Science from Harvard
Data Analyst,"Excel, SQL, Statistics, Tableau, Power BI",9,Bachelor's in Computer Science from Harvard
Software Engineer,"Git, C++, OOP",6,Bachelor's in Computer Science from Oxford
Data Scientist,"Python, SQL, Machine Learning",2,Bachelor's in Computer Science from Stanford
Software Engineer,"OOP, Java, C++, Git, Docker",6,Bachelor's in Computer Science from Stanford
AI Researcher,"Reinforcement Learning, GANs, PyTorch, Python, Mathematical Modeling",7,Bachelor's in Computer Science from Stanford
Data Scientist,"Pandas, SQL, TensorFlow, Machine Learning, Python",1,Bachelor's in Computer Science from MIT
AI Researcher,"GANs, Mathematical Modeling, PyTorch, Python, Reinforcement Learning",7,Bachelor's in Computer Science from IIT Delhi
AI Researcher,"Mathematical Modeling, Python, GANs",7,Bachelor's in Computer Science from Oxford
Data Scientist,"Python, SQL, Machine Learning, TensorFlow",5,Bachelor's in Computer Science from Oxford
Data Analyst,"Power BI, Excel, SQL, Tableau",8,Bachelor's in Computer Science from Harvard
Data Scientist,"Machine Learning, TensorFlow, Pandas, SQL, Python",3,Bachelor's in Computer Science from Harvard
Software Engineer,"Git, Java, C++",6,Bachelor's in Computer Science from IIT Delhi
Software Engineer,"Docker, C++, Git, Java",2,Bachelor's in Computer Science from Oxford
AI Researcher,"Python, GANs, Mathematical Modeling",4,Bachelor's in Computer Science from Oxford
Data Scientist,"Pandas, SQL, Python, TensorFlow, Machine Learning",6,Bachelor's in Computer Science from Harvard
Machine Learning Engineer,"Scikit-Learn, NLP, Computer Vision",8,Bachelor's in Computer Science from MIT
Data Analyst,"SQL, Excel, Power BI",5,Bachelor's in Computer Science from MIT
Data Analyst,"Tableau, Statistics, Power BI, Excel, SQL",5,Bachelor's in Computer Science from Stanford
Machine Learning Engineer,"NLP, Computer Vision, PyTorch",9,Bachelor's in Computer Science from IIT Delhi
Machine Learning Engineer,"Scikit-Learn, PyTorch, Deep Learning, NLP",2,Bachelor's in Computer Science from Oxford
AI Researcher,"Mathematical Modeling, Python, Reinforcement Learning, GANs",5,Bachelor's in Computer Science from Oxford
Data Scientist,"SQL, Machine Learning, Pandas, Python, TensorFlow",2,Bachelor's in Computer Science from MIT
Software Engineer,"Git, Java, Docker, OOP, C++",4,Bachelor's in Computer Science from Oxford
AI Researcher,"GANs, Reinforcement Learning, PyTorch",8,Bachelor's in Computer Science from IIT Delhi
Machine Learning Engineer,"PyTorch, Deep Learning, NLP",8,Bachelor's in Computer Science from Stanford
Machine Learning Engineer,"Deep Learning, PyTorch, NLP, Scikit-Learn",1,Bachelor's in Computer Science from Harvard
Data Analyst,"Power BI, Statistics, Excel, Tableau",6,Bachelor's in Computer Science from Stanford
Data Analyst,"Tableau, SQL, Statistics, Excel",7,Bachelor's in Computer Science from Stanford
Machine Learning Engineer,"NLP, Deep Learning, Scikit-Learn, Computer Vision, PyTorch",7,Bachelor's in Computer Science from IIT Delhi
Machine Learning Engineer,"PyTorch, Scikit-Learn, Computer Vision, NLP, Deep Learning",10,Bachelor's in Computer Science from Stanford
Data Scientist,"TensorFlow, Python, Machine Learning, SQL",8,Bachelor's in Computer Science from Oxford
Software Engineer,"Docker, Git, Java, OOP, C++",6,Bachelor's in Computer Science from IIT Delhi
Data Scientist,"SQL, Pandas, Python, Machine Learning, TensorFlow",3,Bachelor's in Computer Science from MIT
AI Researcher,"Mathematical Modeling, PyTorch, Python, GANs, Reinforcement Learning",5,Bachelor's in Computer Science from Stanford
Machine Learning Engineer,"Computer Vision, Deep Learning, Scikit-Learn, PyTorch, NLP",8,Bachelor's in Computer Science from Stanford
Data Scientist,"Pandas, Machine Learning, TensorFlow, Python, SQL",2,Bachelor's in Computer Science from Stanford
Software Engineer,"Git, C++, Docker",6,Bachelor's in Computer Science from Oxford
Machine Learning Engineer,"Deep Learning, NLP, Scikit-Learn, PyTorch",3,Bachelor's in Computer Science from Harvard
AI Researcher,"PyTorch, Reinforcement Learning, GANs, Python",1,Bachelor's in Computer Science from Oxford
Data Analyst,"Excel, Tableau, Power BI",1,Bachelor's in Computer Science from Harvard
Data Analyst,"Power BI, Statistics, SQL",4,Bachelor's in Computer Science from Harvard
Data Analyst,"Power BI, Statistics, Excel",8,Bachelor's in Computer Science from Oxford
Data Analyst,"Statistics, SQL, Tableau",2,Bachelor's in Computer Science from Harvard
Machine Learning Engineer,"NLP, Deep Learning, Scikit-Learn, Computer Vision",6,Bachelor's in Computer Science from Stanford
Data Analyst,"Tableau, Statistics, Excel, SQL",5,Bachelor's in Computer Science from Harvard
Data Scientist,"SQL, TensorFlow, Python, Pandas, Machine Learning",6,Bachelor's in Computer Science from Stanford
Software Engineer,"Docker, Java, OOP",3,Bachelor's in Computer Science from MIT
Software Engineer,"OOP, Git, Docker, C++",7,Bachelor's in Computer Science from Oxford
Data Scientist,"Machine Learning, SQL, Pandas, TensorFlow, Python",5,Bachelor's in Computer Science from Harvard
Software Engineer,"OOP, C++, Git, Java",8,Bachelor's in Computer Science from IIT Delhi
Machine Learning Engineer,"Scikit-Learn, PyTorch, NLP",10,Bachelor's in Computer Science from Oxford
Data Analyst,"Power BI, SQL, Excel, Statistics, Tableau",4,Bachelor's in Computer Science from IIT Delhi
Software Engineer,"Git, Java, Docker, OOP",10,Bachelor's in Computer Science from MIT
AI Researcher,"PyTorch, Reinforcement Learning, Mathematical Modeling, Python, GANs",1,Bachelor's in Computer Science from IIT Delhi
Data Analyst,"Statistics, Tableau, Power BI, Excel",10,Bachelor's in Computer Science from Harvard
Data Analyst,"SQL, Statistics, Power BI, Tableau, Excel",9,Bachelor's in Computer Science from Oxford
Machine Learning Engineer,"PyTorch, Deep Learning, Computer Vision, Scikit-Learn, NLP",4,Bachelor's in Computer Science from Harvard
AI Researcher,"GANs, Python, Mathematical Modeling, Reinforcement Learning",7,Bachelor's in Computer Science from IIT Delhi
AI Researcher,"PyTorch, Reinforcement Learning, Python",9,Bachelor's in Computer Science from Oxford
Data Analyst,"Statistics, Tableau, Power BI, Excel, SQL",3,Bachelor's in Computer Science from MIT
Machine Learning Engineer,"Computer Vision, Deep Learning, NLP, PyTorch",2,Bachelor's in Computer Science from Stanford
Data Analyst,"Statistics, SQL, Tableau, Excel, Power BI",8,Bachelor's in Computer Science from Harvard
AI Researcher,"Python, Reinforcement Learning, PyTorch, Mathematical Modeling, GANs",4,Bachelor's in Computer Science from MIT
Data Analyst,"SQL, Tableau, Statistics, Excel, Power BI",8,Bachelor's in Computer Science from Oxford
Data Analyst,"SQL, Statistics, Power BI",9,Bachelor's in Computer Science from Stanford
Software Engineer,"Java, C++, OOP, Git",5,Bachelor's in Computer Science from Harvard
AI Researcher,"Reinforcement Learning, GANs, PyTorch",1,Bachelor's in Computer Science from Harvard
Data Scientist,"SQL, Python, Machine Learning, Pandas, TensorFlow",6,Bachelor's in Computer Science from Stanford
Software Engineer,"Java, C++, Git",7,Bachelor's in Computer Science from Oxford
Data Scientist,"Python, TensorFlow, Machine Learning",10,Bachelor's in Computer Science from MIT
Machine Learning Engineer,"NLP, Computer Vision, PyTorch",8,Bachelor's in Computer Science from Harvard
Machine Learning Engineer,"Scikit-Learn, Deep Learning, PyTorch, NLP, Computer Vision",5,Bachelor's in Computer Science from Harvard
Machine Learning Engineer,"Scikit-Learn, Deep Learning, NLP, Computer Vision, PyTorch",2,Bachelor's in Computer Science from Harvard
Data Scientist,"SQL, Pandas, Machine Learning, Python",6,Bachelor's in Computer Science from Stanford
Data Analyst,"Excel, SQL, Statistics, Power BI, Tableau",4,Bachelor's in Computer Science from MIT
Data Scientist,"TensorFlow, Python, SQL, Machine Learning, Pandas",10,Bachelor's in Computer Science from Oxford
Data Analyst,"Excel, Statistics, Tableau",9,Bachelor's in Computer Science from IIT Delhi
Machine Learning Engineer,"Computer Vision, NLP, Deep Learning",8,Bachelor's in Computer Science from IIT Delhi
Machine Learning Engineer,"Scikit-Learn, Computer Vision, NLP",4,Bachelor's in Computer Science from Stanford
Software Engineer,"C++, Java, Git, OOP",10,Bachelor's in Computer Science from Oxford
Machine Learning Engineer,"PyTorch, Scikit-Learn, NLP, Computer Vision, Deep Learning",1,Bachelor's in Computer Science from Stanford
AI Researcher,"PyTorch, Mathematical Modeling, GANs",8,Bachelor's in Computer Science from MIT
Machine Learning Engineer,"NLP, PyTorch, Scikit-Learn, Computer Vision, Deep Learning",8,Bachelor's in Computer Science from Harvard
AI Researcher,"Mathematical Modeling, PyTorch, Reinforcement Learning",1,Bachelor's in Computer Science from Harvard
Machine Learning Engineer,"Computer Vision, PyTorch, NLP, Deep Learning",1,Bachelor's in Computer Science from IIT Delhi
AI Researcher,"Python, Mathematical Modeling, GANs",4,Bachelor's in Computer Science from IIT Delhi
AI Researcher,"PyTorch, Mathematical Modeling, GANs",8,Bachelor's in Computer Science from Harvard
Data Scientist,"Machine Learning, Python, TensorFlow, Pandas",8,Bachelor's in Computer Science from Harvard
Data Analyst,"Tableau, Excel, Statistics, Power BI, SQL",1,Bachelor's in Computer Science from Oxford
Data Analyst,"Tableau, Excel, Statistics, SQL",4,Bachelor's in Computer Science from MIT
Data Scientist,"SQL, Python, Machine Learning, TensorFlow",6,Bachelor's in Computer Science from MIT
Data Scientist,"TensorFlow, Machine Learning, Pandas, SQL",1,Bachelor's in Computer Science from IIT Delhi
Software Engineer,"OOP, Git, Java, Docker",3,Bachelor's in Computer Science from IIT Delhi
